{"stats":{"minecraft:crafted":{"minecraft:oak_planks":12,"minecraft:crafting_table":1,"minecraft:stick":8,"minecraft:wooden_pickaxe":1,"minecraft:stone_pickaxe":1,"minecraft:birch_planks":4,"minecraft:stone_axe":1},"minecraft:killed":{"minecraft:sheep":4,"minecraft:chicken":2,"minecraft:llama":1},"minecraft:custom":{"minecraft:time_since_rest":11860,"minecraft:sprint_one_cm":25251,"minecraft:damage_taken":60,"minecraft:walk_one_cm":15908,"minecraft:mob_kills":7,"minecraft:drop":1,"minecraft:damage_dealt":600,"minecraft:fly_one_cm":35020,"minecraft:swim_one_cm":6433,"minecraft:interact_with_crafting_table":9,"minecraft:crouch_one_cm":1451,"minecraft:play_time":11860,"minecraft:sneak_time":569,"minecraft:walk_under_water_one_cm":414,"minecraft:jump":168,"minecraft:time_since_death":11860,"minecraft:walk_on_water_one_cm":5323,"minecraft:leave_game":2,"minecraft:climb_one_cm":176,"minecraft:total_world_time":11860,"minecraft:fall_one_cm":5414},"minecraft:picked_up":{"minecraft:birch_log":7,"minecraft:crafting_table":3,"minecraft:chicken":2,"minecraft:leather":1,"minecraft:oak_log":3,"supplementaries:flax_seeds":2,"quark:limestone":1,"minecraft:raw_copper":3,"minecraft:wheat_seeds":1,"minecraft:peony":2,"minecraft:gray_wool":1,"minecraft:calcite":1,"minecraft:sugar_cane":2,"minecraft:mutton":4,"minecraft:white_wool":3,"minecraft:cobblestone":6},"minecraft:used":{"minecraft:calcite":1,"minecraft:stone_pickaxe":6,"minecraft:wooden_pickaxe":3,"minecraft:stone_axe":22,"minecraft:crafting_table":3,"alexsmobs:animal_dictionary":2},"minecraft:mined":{"minecraft:tall_seagrass":2,"minecraft:birch_log":7,"minecraft:crafting_table":4,"minecraft:peony":2,"minecraft:grass":3,"minecraft:calcite":1,"minecraft:oak_log":3,"quark:limestone":1,"supplementaries:wild_flax":2,"minecraft:stripped_oak_log":1,"minecraft:copper_ore":1,"minecraft:stone":6,"minecraft:sugar_cane":1},"minecraft:dropped":{"minecraft:wheat_seeds":1}},"DataVersion":3465}