{"stats":{"minecraft:mined":{"minecraft:grass":2,"minecraft:oak_log":2,"minecraft:oak_planks":2},"minecraft:custom":{"minecraft:jump":4,"minecraft:time_since_rest":1003,"minecraft:crouch_one_cm":165,"minecraft:leave_game":2,"minecraft:play_time":1003,"minecraft:sprint_one_cm":244,"minecraft:time_since_death":1003,"minecraft:walk_one_cm":3749,"minecraft:sneak_time":91,"minecraft:total_world_time":1003,"minecraft:fly_one_cm":31},"minecraft:used":{"minecraft:oak_planks":10},"minecraft:crafted":{"minecraft:oak_planks":8},"minecraft:picked_up":{"minecraft:oak_log":2,"minecraft:oak_planks":2}},"DataVersion":3465}