{"stats":{"minecraft:dropped":{"minecraft:wheat_seeds":1},"minecraft:picked_up":{"minecraft:crafting_table":2,"minecraft:oak_log":3,"supplementaries:flax_seeds":2,"quark:limestone":1,"minecraft:raw_copper":3,"minecraft:peony":2,"minecraft:wheat_seeds":1,"minecraft:calcite":1,"minecraft:sugar_cane":2,"minecraft:cobblestone":6},"minecraft:used":{"minecraft:stone_pickaxe":6,"minecraft:wooden_pickaxe":3,"minecraft:stone_axe":2,"minecraft:crafting_table":2,"alexsmobs:animal_dictionary":2},"minecraft:mined":{"minecraft:tall_seagrass":2,"minecraft:peony":2,"minecraft:crafting_table":2,"minecraft:grass":3,"minecraft:calcite":1,"minecraft:oak_log":3,"quark:limestone":1,"supplementaries:wild_flax":2,"minecraft:copper_ore":1,"minecraft:stone":6,"minecraft:sugar_cane":1},"minecraft:custom":{"minecraft:time_since_rest":8117,"minecraft:sprint_one_cm":12767,"minecraft:damage_taken":50,"minecraft:walk_one_cm":8726,"minecraft:drop":1,"minecraft:swim_one_cm":1084,"minecraft:interact_with_crafting_table":7,"minecraft:fly_one_cm":18759,"minecraft:crouch_one_cm":1032,"minecraft:play_time":8117,"minecraft:sneak_time":426,"minecraft:walk_under_water_one_cm":242,"minecraft:jump":92,"minecraft:leave_game":2,"minecraft:time_since_death":8117,"minecraft:walk_on_water_one_cm":4956,"minecraft:total_world_time":8117,"minecraft:climb_one_cm":176,"minecraft:fall_one_cm":2722},"minecraft:crafted":{"minecraft:oak_planks":12,"minecraft:crafting_table":1,"minecraft:stick":8,"minecraft:wooden_pickaxe":1,"minecraft:stone_pickaxe":1,"minecraft:stone_axe":1}},"DataVersion":3465}