{"stats":{"minecraft:killed":{"alexsmobs:raccoon":3,"alexsmobs:seal":2,"alexsmobs:seagull":3,"minecraft:sheep":10,"minecraft:chicken":2,"minecraft:llama":1,"alexsmobs:crow":1},"minecraft:crafted":{"minecraft:oak_planks":12,"minecraft:crafting_table":1,"minecraft:melon_slice":6,"minecraft:wooden_pickaxe":1,"minecraft:bone_meal":6,"minecraft:birch_planks":4,"minecraft:stone_axe":1,"minecraft:bread":51,"biomesoplenty:fir_planks":20,"minecraft:stick":8,"minecraft:stone_pickaxe":1,"minecraft:white_bed":1,"minecraft:wheat":153},"minecraft:custom":{"minecraft:interact_with_smithing_table":1,"minecraft:interact_with_furnace":2,"minecraft:mob_kills":22,"minecraft:interact_with_cartography_table":1,"minecraft:interact_with_crafting_table":12,"minecraft:open_barrel":3,"minecraft:interact_with_loom":1,"minecraft:eat_cake_slice":2,"minecraft:interact_with_grindstone":1,"minecraft:leave_game":3,"minecraft:time_since_death":27060,"minecraft:sleep_in_bed":2,"minecraft:climb_one_cm":2544,"minecraft:time_since_rest":4907,"minecraft:sprint_one_cm":72612,"minecraft:damage_taken":99,"minecraft:walk_one_cm":61676,"minecraft:drop":5,"minecraft:damage_dealt":1837,"minecraft:talked_to_villager":1,"minecraft:swim_one_cm":16470,"minecraft:fly_one_cm":127410,"minecraft:open_chest":11,"minecraft:crouch_one_cm":2280,"minecraft:play_time":27060,"minecraft:sneak_time":938,"minecraft:walk_under_water_one_cm":1085,"minecraft:interact_with_brewingstand":1,"minecraft:jump":555,"minecraft:interact_with_blast_furnace":1,"minecraft:walk_on_water_one_cm":6312,"minecraft:total_world_time":27060,"minecraft:fall_one_cm":17733},"minecraft:picked_up":{"minecraft:birch_log":7,"minecraft:charcoal":11,"minecraft:crafting_table":5,"minecraft:feather":3,"minecraft:chicken":2,"minecraft:leather":1,"biomesoplenty:fir_log":1,"minecraft:oak_log":3,"supplementaries:flax_seeds":2,"quark:limestone":1,"minecraft:raw_copper":3,"twigs:opaline_seashell":1,"biomesoplenty:stripped_fir_log":4,"minecraft:beetroot":1,"delightful:mini_melon":2,"minecraft:wheat_seeds":2,"twigs:pebble":1,"minecraft:calcite":1,"alexsmobs:raccoon_tail":1,"minecraft:gray_bed":1,"minecraft:sugar_cane":2,"minecraft:furnace":2,"biomesoplenty:toadstool":1,"twigs:bronzed_seashell":1,"minecraft:white_bed":1,"minecraft:beetroot_seeds":1,"minecraft:peony":2,"minecraft:hay_block":17,"minecraft:gray_wool":1,"minecraft:black_wool":1,"minecraft:mutton":16,"twigs:tangerine_seashell":1,"minecraft:cobblestone":13,"minecraft:white_wool":8},"minecraft:used":{"minecraft:calcite":1,"minecraft:stone_pickaxe":21,"minecraft:wooden_pickaxe":3,"minecraft:mutton":1,"minecraft:crafting_table":5,"minecraft:white_bed":1,"minecraft:bread":4,"minecraft:stone_axe":56,"alexsmobs:animal_dictionary":3},"minecraft:mined":{"twigs:pebble":1,"minecraft:white_bed":1,"minecraft:quartz_stairs":1,"minecraft:crafting_table":6,"minecraft:calcite":1,"supplementaries:wild_flax":2,"minecraft:copper_ore":1,"minecraft:quartz_bricks":4,"minecraft:sugar_cane":1,"biomesoplenty:stripped_fir_log":4,"minecraft:hay_block":17,"farmersdelight:wild_beetroots":1,"minecraft:tall_seagrass":2,"minecraft:furnace":2,"minecraft:birch_log":7,"minecraft:fire":1,"twigs:tangerine_seashell":2,"minecraft:gray_bed":1,"biomesoplenty:fir_log":1,"twigs:bronzed_seashell":1,"minecraft:peony":2,"minecraft:grass":13,"minecraft:oak_log":3,"delightful:mini_melon":2,"quark:limestone":1,"minecraft:stripped_oak_log":1,"minecraft:stone":13,"twigs:opaline_seashell":1},"minecraft:dropped":{"minecraft:wheat_seeds":1,"minecraft:cobblestone":3,"minecraft:wooden_pickaxe":1}},"DataVersion":3465}