{"stats":{"minecraft:crafted":{"minecraft:oak_planks":16,"minecraft:crafting_table":1,"minecraft:stick":6,"comforts:sleeping_bag_white":1,"minecraft:stone_pickaxe":1,"minecraft:stone_sword":1,"aether:golden_gloves":1,"minecraft:stone_axe":1,"minecraft:bread":45,"minecraft:wheat":135},"minecraft:killed":{"minecraft:sheep":3},"minecraft:custom":{"minecraft:time_since_rest":1707,"minecraft:sprint_one_cm":97058,"minecraft:damage_taken":115,"minecraft:walk_one_cm":22154,"minecraft:mob_kills":3,"minecraft:drop":4,"minecraft:damage_dealt":365,"minecraft:swim_one_cm":10263,"minecraft:interact_with_crafting_table":11,"minecraft:fly_one_cm":74581,"minecraft:open_chest":1,"minecraft:crouch_one_cm":393,"minecraft:play_time":17488,"minecraft:sneak_time":102,"minecraft:walk_under_water_one_cm":216,"minecraft:jump":339,"minecraft:time_since_death":17488,"minecraft:walk_on_water_one_cm":3583,"minecraft:sleep_in_bed":1,"minecraft:climb_one_cm":1836,"minecraft:total_world_time":17488,"minecraft:fall_one_cm":9331},"minecraft:picked_up":{"minecraft:crafting_table":5,"minecraft:wooden_pickaxe":1,"minecraft:oak_log":4,"minecraft:white_bed":1,"twigs:opaline_seashell":1,"delightful:mini_melon":1,"minecraft:wheat_seeds":1,"comforts:sleeping_bag_white":1,"delightful:acorn":1,"minecraft:hay_block":15,"minecraft:oak_sapling":2,"twigs:twig":3,"twigs:tangerine_seashell":2,"minecraft:mutton":4,"minecraft:cobblestone":8,"minecraft:white_wool":3,"minecraft:egg":3},"minecraft:used":{"minecraft:apple":2,"minecraft:bread":4,"minecraft:stone_pickaxe":15,"minecraft:oak_planks":4,"twigs:tangerine_seashell":2,"minecraft:stone_axe":1,"minecraft:crafting_table":4,"twigs:opaline_seashell":1,"comforts:sleeping_bag_white":1,"minecraft:egg":3,"delightful:mini_melon":1,"delightful:acorn":1},"minecraft:mined":{"minecraft:hay_block":15,"twigs:tangerine_seashell":1,"minecraft:crafting_table":3,"minecraft:grass":13,"minecraft:oak_log":4,"delightful:mini_melon":1,"minecraft:tall_grass":3,"minecraft:stone":5,"twigs:opaline_seashell":1,"minecraft:oak_leaves":1},"minecraft:dropped":{"minecraft:wheat_seeds":1,"minecraft:crafting_table":1,"minecraft:wooden_pickaxe":1,"minecraft:white_bed":1}},"DataVersion":3465}