{"stats":{"minecraft:mined":{"minecraft:grass":1,"minecraft:grass_block":8,"minecraft:oak_log":2,"minecraft:oak_leaves":2},"minecraft:custom":{"minecraft:jump":65,"minecraft:leave_game":1,"minecraft:time_since_rest":2344,"minecraft:damage_taken":90,"minecraft:sprint_one_cm":15167,"minecraft:play_time":2344,"minecraft:time_since_death":2344,"minecraft:walk_one_cm":3514,"minecraft:sneak_time":2,"minecraft:total_world_time":2344,"minecraft:fall_one_cm":2882,"minecraft:fly_one_cm":9137},"minecraft:used":{"minecraft:oak_log":1,"minecraft:oak_planks":4,"minecraft:dirt":8,"minecraft:dandelion":1},"minecraft:crafted":{"minecraft:oak_planks":4},"minecraft:picked_up":{"minecraft:oak_log":2,"minecraft:dandelion":1,"minecraft:dirt":8}},"DataVersion":3465}