{"stats":{"minecraft:crafted":{"minecraft:oak_planks":16,"minecraft:crafting_table":1},"minecraft:custom":{"minecraft:time_since_rest":5488,"minecraft:crouch_one_cm":393,"minecraft:play_time":5488,"minecraft:sprint_one_cm":27231,"minecraft:damage_taken":30,"minecraft:walk_one_cm":7008,"minecraft:sneak_time":83,"minecraft:drop":1,"minecraft:jump":75,"minecraft:time_since_death":5488,"minecraft:total_world_time":5488,"minecraft:interact_with_crafting_table":6,"minecraft:fall_one_cm":3259,"minecraft:fly_one_cm":15903},"minecraft:picked_up":{"minecraft:crafting_table":2,"delightful:acorn":1,"minecraft:oak_log":4,"minecraft:oak_sapling":2,"twigs:twig":3,"minecraft:egg":3},"minecraft:used":{"minecraft:crafting_table":1,"minecraft:oak_planks":4,"minecraft:egg":3},"minecraft:mined":{"minecraft:grass":1,"minecraft:oak_log":4,"minecraft:oak_leaves":1},"minecraft:dropped":{"minecraft:crafting_table":1}},"DataVersion":3465}